stop_id,Route,Direction1,Direction2,Selector,stop_lat,stop_lon,stop_name
3581,OSW1A,FROM DOWNTOWN,TO DOWNTOWN,0,43.456214,-76.512294,W Bridge St & W 2nd St
9695,OSW1A,FROM DOWNTOWN,TO DOWNTOWN,0,43.457855,-76.506776,E Bridge & E 2nd St
9696,OSW1A,FROM DOWNTOWN,TO DOWNTOWN,0,43.458451,-76.504755,E Bridge St & E 4th St
9726,OSW1A,FROM DOWNTOWN,TO DOWNTOWN,0,43.459028,-76.50287,E Bridge St & E 6th St
9727,OSW1A,FROM DOWNTOWN,TO DOWNTOWN,0,43.459389,-76.501555,E Bridge St & E 7th St
9729,OSW1A,FROM DOWNTOWN,TO DOWNTOWN,0,43.460002,-76.499497,E Bridge St & E 9th St
9731,OSW1A,FROM DOWNTOWN,TO DOWNTOWN,0,43.460418,-76.497264,Route 104 & E 10th St
9735,OSW1A,FROM DOWNTOWN,TO DOWNTOWN,0,43.460481,-76.492335,Route 104 & E 12th St
9736,OSW1A,FROM DOWNTOWN,TO DOWNTOWN,0,43.460557,-76.489964,Route 104 & E 13th St
9737,OSW1A,FROM DOWNTOWN,TO DOWNTOWN,0,43.460925,-76.484603,Route 104 & George St
9614,OSW1A,FROM DOWNTOWN,TO DOWNTOWN,1,43.464189,-76.477947,Walmart - Oswego
15518,OSW1A,FROM DOWNTOWN,TO DOWNTOWN,1,43.467925,-76.482889,Centro Garage Oswego
15515,OSW1A,FROM DOWNTOWN,TO DOWNTOWN,1,43.4669,-76.485182,OCO Medical Center
17383,OSW1A,FROM DOWNTOWN,TO DOWNTOWN,1,43.462393,-76.48534,Price Chopper Plaza Rte 104 Osw
17808,OSW1A,FROM DOWNTOWN,TO DOWNTOWN,1,43.460925,-76.485037,Route 104 & George St
15873,OSW1A,FROM DOWNTOWN,TO DOWNTOWN,1,43.460611,-76.489716,Rte 104 & E 13th St
15874,OSW1A,FROM DOWNTOWN,TO DOWNTOWN,1,43.460517,-76.492124,Rte 104 & E 12th St
15878,OSW1A,FROM DOWNTOWN,TO DOWNTOWN,1,43.460463,-76.497077,Rte 104 & E 10th St
15880,OSW1A,FROM DOWNTOWN,TO DOWNTOWN,1,43.460137,-76.499212,E Bridge St & E 9th St
15882,OSW1A,FROM DOWNTOWN,TO DOWNTOWN,1,43.459515,-76.501307,E Bridge St & E 7th St
15883,OSW1A,FROM DOWNTOWN,TO DOWNTOWN,1,43.459208,-76.502361,E Bridge St & E 6th St
15885,OSW1A,FROM DOWNTOWN,TO DOWNTOWN,1,43.458577,-76.504457,E Bridge St & E 4th St
15886,OSW1A,FROM DOWNTOWN,TO DOWNTOWN,1,43.458297,-76.505449,E Bridge St & E 3rd St
9679,OSW10,FROM CAMPUS,TO CAMPUS,0,43.453526,-76.537855,Washington Blvd & Baylis St
9682,OSW10,FROM CAMPUS,TO CAMPUS,0,43.45364,-76.534901,Washington Blvd & Sheldon Ave
16164,OSW10,FROM CAMPUS,TO CAMPUS,0,43.454939,-76.534832,Sheldon Ave & Takamine Rd
16168,OSW10,FROM CAMPUS,TO CAMPUS,0,43.456702,-76.539817,Rudolph St & Centennial Dr
16169,OSW10,FROM CAMPUS,TO CAMPUS,0,43.455397,-76.542766,Walker Health Center
16170,OSW10,FROM CAMPUS,TO CAMPUS,0,43.454301,-76.543953,Penfield Library
17968,OSW10,FROM CAMPUS,TO CAMPUS,0,43.450453,-76.54982,Oneida Hall & Onondaga Hall
15527,OSW10,FROM CAMPUS,TO CAMPUS,0,43.449798,-76.550587,SUNY Oswego New Campus
17539,OSW10,FROM CAMPUS,TO CAMPUS,1,43.447158,-76.549172,SUNY Oswego The Village Residence
15529,OSW10,FROM CAMPUS,TO CAMPUS,1,43.449636,-76.550735,SUNY Oswego New Campus
16182,OSW10,FROM CAMPUS,TO CAMPUS,1,43.451412,-76.549911,Rudolph St & Onondaga Hall
17969,OSW10,FROM CAMPUS,TO CAMPUS,1,43.452499,-76.548364,Resident 12 Parking Lot
16183,OSW10,FROM CAMPUS,TO CAMPUS,1,43.454218,-76.545082,Penfield Library
16184,OSW10,FROM CAMPUS,TO CAMPUS,1,43.455469,-76.542468,Walker Health Center
16185,OSW10,FROM CAMPUS,TO CAMPUS,1,43.456567,-76.540028,Rudolph St & Centennial Dr
15521,OSW11,FROM CAMPUS,TO CAMPUS,0,43.453987,-76.540364,SUNY Oswego Campus Center
9679,OSW11,FROM CAMPUS,TO CAMPUS,0,43.453526,-76.537855,Washington Blvd & Baylis St
9682,OSW11,FROM CAMPUS,TO CAMPUS,0,43.45364,-76.534901,Washington Blvd & Sheldon Ave
9684,OSW11,FROM CAMPUS,TO CAMPUS,0,43.453708,-76.532555,Washington Blvd & Fifth Ave
16086,OSW11,FROM CAMPUS,TO CAMPUS,0,43.451854,-76.532274,5th Ave & Hwy 104
16160,OSW11,FROM CAMPUS,TO CAMPUS,0,43.450246,-76.534378,SUNY Oswego Romney Lot Shelter
15534,OSW11,FROM CAMPUS,TO CAMPUS,0,43.445334,-76.535549,SUNY Oswego Laker Hall
18368,OSW11,FROM CAMPUS,TO CAMPUS,0,43.424651,-76.539097,Fallbrook Lodge
17941,OSW11,FROM CAMPUS,TO CAMPUS,1,43.429976,-76.549382,Rice Creek
18369,OSW11,FROM CAMPUS,TO CAMPUS,1,43.424561,-76.539357,Fallbrook Lodge
16306,OSW11,FROM CAMPUS,TO CAMPUS,1,43.445273,-76.535151,Laker Hall
3486,OSW11,FROM CAMPUS,TO CAMPUS,1,43.4503,-76.534341,SUNY Oswego Romney Lot Shelter
16085,OSW11,FROM CAMPUS,TO CAMPUS,1,43.453708,-76.532418,5th Ave & Washington Blvd
16016,OSW11,FROM CAMPUS,TO CAMPUS,1,43.453668,-76.534752,Washington Blvd & Sheldon Ave
16164,OSW11,FROM CAMPUS,TO CAMPUS,1,43.454939,-76.534832,Sheldon Ave & Takamine Rd
16168,OSW11,FROM CAMPUS,TO CAMPUS,1,43.456702,-76.539817,Rudolph St & Centennial Dr
15521,OSW46,FROM OSWEGO,TO OSWEGO,0,43.453987,-76.540364,SUNY Oswego Campus Center
9679,OSW46,FROM OSWEGO,TO OSWEGO,0,43.453526,-76.537855,Washington Blvd & Baylis St
9682,OSW46,FROM OSWEGO,TO OSWEGO,0,43.45364,-76.534901,Washington Blvd & Sheldon Ave
9684,OSW46,FROM OSWEGO,TO OSWEGO,0,43.453708,-76.532555,Washington Blvd & Fifth Ave
16023,OSW46,FROM OSWEGO,TO OSWEGO,0,43.453767,-76.530333,Washington Blvd & 3rd Ave
3505,OSW46,FROM OSWEGO,TO OSWEGO,0,43.453853,-76.527689,W Bridge St & W Seneca St
9686,OSW46,FROM OSWEGO,TO OSWEGO,0,43.454025,-76.522762,W Bridge St & Liberty St
3548,OSW46,FROM OSWEGO,TO OSWEGO,0,43.45432,-76.518716,W Bridge St & W 8th St
16025,OSW46,FROM OSWEGO,TO OSWEGO,0,43.454626,-76.517687,W Bridge St & W 7th St
3553,OSW46,FROM OSWEGO,TO OSWEGO,0,43.454942,-76.516596,W Bridge St & W 6th St
3569,OSW46,FROM OSWEGO,TO OSWEGO,0,43.455249,-76.515592,W Bridge St & W 5th St
3563,OSW46,FROM OSWEGO,TO OSWEGO,0,43.455547,-76.51455,W Bridge St & W 4th St
3581,OSW46,FROM OSWEGO,TO OSWEGO,0,43.456214,-76.512294,W Bridge St & W 2nd St
3590,OSW46,FROM OSWEGO,TO OSWEGO,0,43.457531,-76.507879,E Bridge St & E 1st St
3609,OSW46,FROM OSWEGO,TO OSWEGO,0,43.45516,-76.506368,E 1st St & E Mohawk St
3615,OSW46,FROM OSWEGO,TO OSWEGO,0,43.453961,-76.505681,E 1st St & E Utica St
3621,OSW46,FROM OSWEGO,TO OSWEGO,0,43.452726,-76.504994,E 1st St & E Albany St
3617,OSW46,FROM OSWEGO,TO OSWEGO,0,43.450472,-76.50326,E River Rd & Hubbard St
15774,OSW46,FROM OSWEGO,TO OSWEGO,0,43.442639,-76.490782,E River Rd & Woodridge
15775,OSW46,FROM OSWEGO,TO OSWEGO,0,43.431645,-76.482255,Hwy 481 & E River Rd
16188,OSW46,FROM OSWEGO,TO OSWEGO,0,43.418136,-76.477321,Co Route 57 & Highland Dr
16189,OSW46,FROM OSWEGO,TO OSWEGO,0,43.41256,-76.474647,Co Route 57 & Dutch Ridge Rd
16190,OSW46,FROM OSWEGO,TO OSWEGO,0,43.400841,-76.470428,Co Rt 57 & Co Rt 45
15779,OSW46,FROM OSWEGO,TO OSWEGO,0,43.383386,-76.446116,Hwy 481 & March Rd
15780,OSW46,FROM OSWEGO,TO OSWEGO,0,43.375925,-76.439808,Hwy 481 & CR 57
15781,OSW46,FROM OSWEGO,TO OSWEGO,0,43.367167,-76.432047,Hwy 481 & Chalone Rd
15782,OSW46,FROM OSWEGO,TO OSWEGO,0,43.360707,-76.427145,Hwy 481 & Van Buren Dr
15783,OSW46,FROM OSWEGO,TO OSWEGO,0,43.346729,-76.424184,Hwy 481
3484,OSW46,FROM OSWEGO,TO OSWEGO,0,43.335062,-76.414823,N 2nd St & N 1st St
3474,OSW46,FROM OSWEGO,TO OSWEGO,0,43.332087,-76.415571,N 2nd St & Shaw St
3462,OSW46,FROM OSWEGO,TO OSWEGO,0,43.330421,-76.416026,County Office Building
3449,OSW46,FROM OSWEGO,TO OSWEGO,0,43.325181,-76.41662,N 2nd St & Oneida St
15540,OSW46,FROM OSWEGO,TO OSWEGO,0,43.322422,-76.416985,Towpath Towers - Fulton
3426,OSW46,FROM OSWEGO,TO OSWEGO,0,43.320103,-76.415864,S 1st St & Academy St
3409,OSW46,FROM OSWEGO,TO OSWEGO,0,43.318173,-76.412675,E Broadway St & S 2nd St
3416,OSW46,FROM OSWEGO,TO OSWEGO,0,43.317726,-76.411881,S 2nd St & State St
15805,OSW46,FROM OSWEGO,TO OSWEGO,0,43.316518,-76.410863,S 2nd St & Pratt St
15806,OSW46,FROM OSWEGO,TO OSWEGO,0,43.315391,-76.409473,S 2nd St & Division St
3388,OSW46,FROM OSWEGO,TO OSWEGO,0,43.313569,-76.405368,N South Arterial Hwy & Fay St
9829,OSW46,FROM OSWEGO,TO OSWEGO,0,43.310395,-76.400988,Route 481 & Harris St
9673,OSW46,FROM OSWEGO,TO OSWEGO,0,43.308202,-76.3923,Cayuga Community College-Fulton
18215,OSW46,FROM OSWEGO,TO OSWEGO,0,43.249134,-76.305132,State Route 264 & Co Route 59
18216,OSW46,FROM OSWEGO,TO OSWEGO,0,43.245105,-76.302678,State Route 264 & Clark Crest Dr
18217,OSW46,FROM OSWEGO,TO OSWEGO,0,43.241398,-76.300584,State Route 264 & Maplehurst Dr
18218,OSW46,FROM OSWEGO,TO OSWEGO,0,43.239025,-76.300434,Volney St & EJD Middle School
18219,OSW46,FROM OSWEGO,TO OSWEGO,0,43.235873,-76.300369,Volney St & Davis St
18220,OSW46,FROM OSWEGO,TO OSWEGO,0,43.23393,-76.300257,Volney St & James St
18221,OSW46,FROM OSWEGO,TO OSWEGO,0,43.232846,-76.300206,Volney St & Spring St
18222,OSW46,FROM OSWEGO,TO OSWEGO,0,43.231145,-76.300155,Volney St & Main St
3290,OSW46,FROM OSWEGO,TO OSWEGO,0,43.230294,-76.299524,Main St & Bridge St
15557,OSW46,FROM OSWEGO,TO OSWEGO,0,43.228656,-76.297988,Route 57 & Lock St
3275,OSW46,FROM OSWEGO,TO OSWEGO,0,43.228092,-76.297419,Main St & Church St
3266,OSW46,FROM OSWEGO,TO OSWEGO,0,43.227251,-76.296614,Main St & Mechanic St
3268,OSW46,FROM OSWEGO,TO OSWEGO,0,43.2264,-76.295797,Main St & Pine St
3281,OSW46,FROM OSWEGO,TO OSWEGO,0,43.225541,-76.294967,Main St & Chestnut St
3267,OSW46,FROM OSWEGO,TO OSWEGO,0,43.224646,-76.293915,Main St & Loomis Ter
3247,OSW46,FROM OSWEGO,TO OSWEGO,0,43.222713,-76.291328,Main St & Kay Pat Rd
3243,OSW46,FROM OSWEGO,TO OSWEGO,0,43.217771,-76.285436,Co Route 57 & Co Route 57A
3250,OSW46,FROM OSWEGO,TO OSWEGO,0,43.215345,-76.283332,County Hwy 57 & Hilton Rd
3241,OSW46,FROM OSWEGO,TO OSWEGO,0,43.212722,-76.281859,County Hwy 57 & Huntley Rd
3244,OSW46,FROM OSWEGO,TO OSWEGO,0,43.208531,-76.280867,County Hwy 57 & Hoag Dr
3234,OSW46,FROM OSWEGO,TO OSWEGO,0,43.202443,-76.278267,County Hwy 57 & N Shore Rd
3229,OSW46,FROM OSWEGO,TO OSWEGO,0,43.200992,-76.277673,State Route 57 & Maider Rd
3239,OSW46,FROM OSWEGO,TO OSWEGO,0,43.194384,-76.276458,State Route 57 & Verplank Rd
16193,OSW46,FROM OSWEGO,TO OSWEGO,0,43.191761,-76.274849,State Route 57 & Gaskin Rd
16194,OSW46,FROM OSWEGO,TO OSWEGO,0,43.185458,-76.26786,Route 57 & Linda Ln
17978,OSW46,FROM OSWEGO,TO OSWEGO,0,43.18306,-76.251798,Route 31 & Willow Stream
17993,OSW46,FROM OSWEGO,TO OSWEGO,0,43.184242,-76.24757,Lowe's Plaza Route 31
17072,OSW46,FROM OSWEGO,TO OSWEGO,0,43.185128,-76.244157,Route 31 & Dell Center Dr
18132,OSW46,FROM OSWEGO,TO OSWEGO,0,43.189605,-76.239087,Carling Rd & Laser Dr
18133,OSW46,FROM OSWEGO,TO OSWEGO,0,43.187922,-76.238976,Runnings
16219,OSW46,FROM OSWEGO,TO OSWEGO,0,43.185423,-76.238926,Route 31 & Carling Rd
16220,OSW46,FROM OSWEGO,TO OSWEGO,0,43.185191,-76.24428,Route 31 & Dell Center Dr
17994,OSW46,FROM OSWEGO,TO OSWEGO,0,43.184295,-76.248015,Home Depot Plaza Route 31
17979,OSW46,FROM OSWEGO,TO OSWEGO,0,43.18314,-76.251712,Route 31 & Willow Stream
17997,OSW46,FROM OSWEGO,TO OSWEGO,0,43.179701,-76.260453,Route 57 & Route 31
16201,OSW46,FROM OSWEGO,TO OSWEGO,0,43.176469,-76.252799,Oswego Rd & Mendenhall Dr
16203,OSW46,FROM OSWEGO,TO OSWEGO,0,43.175601,-76.250858,Oswego Rd & Anguilla Dr
8703,OSW46,FROM OSWEGO,TO OSWEGO,0,43.170165,-76.2437,Oswego Rd & Gaskin Rd
17832,OSW46,FROM OSWEGO,TO OSWEGO,0,43.169467,-76.242934,8223 Oswego Rd
1950,OSW46,FROM OSWEGO,TO OSWEGO,0,43.16739,-76.240276,Oswego Rd & Calder Ct
8722,OSW46,FROM OSWEGO,TO OSWEGO,0,43.163799,-76.235715,Oswego Rd & Soule Rd
17055,OSW46,FROM OSWEGO,TO OSWEGO,0,43.159007,-76.229487,Oswego Rd & Seneca Mall Entrance
17833,OSW46,FROM OSWEGO,TO OSWEGO,0,43.1583,-76.228572,7989 Oswego Rd
9003,OSW46,FROM OSWEGO,TO OSWEGO,0,43.15582,-76.2273,Oswego Rd & Gettman Rd
9004,OSW46,FROM OSWEGO,TO OSWEGO,0,43.151862,-76.229006,Oswego Rd & Poplar Dr
9005,OSW46,FROM OSWEGO,TO OSWEGO,0,43.149704,-76.229798,Oswego Rd & Wetzel Rd
9006,OSW46,FROM OSWEGO,TO OSWEGO,0,43.148406,-76.230181,Oswego Rd & Rosewood  Pl
17834,OSW46,FROM OSWEGO,TO OSWEGO,0,43.147529,-76.23033,7787 Oswego Rd
8977,OSW46,FROM OSWEGO,TO OSWEGO,0,43.144278,-76.229305,Oswego Rd & Maryland Ln
9008,OSW46,FROM OSWEGO,TO OSWEGO,0,43.143338,-76.22886,Oswego Rd & Admiral Dr
9009,OSW46,FROM OSWEGO,TO OSWEGO,0,43.141431,-76.228021,Oswego Rd & Bel Harbor Dr
7705,OSW46,FROM OSWEGO,TO OSWEGO,1,43.048586,-76.147402,S State St & Fayette St
17676,OSW46,FROM OSWEGO,TO OSWEGO,1,43.049554,-76.148697,E Washington St & Market St
17677,OSW46,FROM OSWEGO,TO OSWEGO,1,43.0496,-76.151054,E Washington St & S Warren St
9617,OSW46,FROM OSWEGO,TO OSWEGO,1,43.049647,-76.153423,Washington St & S Clinton St
9863,OSW46,FROM OSWEGO,TO OSWEGO,1,43.049854,-76.155483,S Franklin St & W Washington St
17678,OSW46,FROM OSWEGO,TO OSWEGO,1,43.051797,-76.155123,N Franklin St & W Genesee St
7165,OSW46,FROM OSWEGO,TO OSWEGO,1,43.053318,-76.154825,N Franklin St & Herald Pl
9054,OSW46,FROM OSWEGO,TO OSWEGO,1,43.072844,-76.168464,Park St & I-81
7755,OSW46,FROM OSWEGO,TO OSWEGO,1,43.071038,-76.172034,Destiny USA
47,OSW46,FROM OSWEGO,TO OSWEGO,1,43.076641,-76.169373,Regional Transportation Center
8724,OSW46,FROM OSWEGO,TO OSWEGO,1,43.081866,-76.180072,120 Old Liverpool Rd
17825,OSW46,FROM OSWEGO,TO OSWEGO,1,43.082771,-76.181256,150 Old Liverpool Rd
8725,OSW46,FROM OSWEGO,TO OSWEGO,1,43.083425,-76.18207,Old Liverpool Rd & Greenpoint Ave
8726,OSW46,FROM OSWEGO,TO OSWEGO,1,43.084688,-76.183674,Old Liverpool Rd & Lakeview Apts
8727,OSW46,FROM OSWEGO,TO OSWEGO,1,43.085656,-76.184908,Old Liverpool Rd & School Rd W
10222,OSW46,FROM OSWEGO,TO OSWEGO,1,43.087626,-76.187326,Old Liverpool Rd & Lakeview Dr
8731,OSW46,FROM OSWEGO,TO OSWEGO,1,43.088307,-76.188215,Old Liverpool Rd & Kellars Ln
8733,OSW46,FROM OSWEGO,TO OSWEGO,1,43.089436,-76.189609,Old Liverpool Rd & Corkins Rd
17826,OSW46,FROM OSWEGO,TO OSWEGO,1,43.092204,-76.19299,Lemoyne Manor
8734,OSW46,FROM OSWEGO,TO OSWEGO,1,43.093082,-76.194076,Old Liverpool Rd & Eynsford Rd
17423,OSW46,FROM OSWEGO,TO OSWEGO,1,43.095106,-76.196248,Old Liverpool Rd & Electronics Pkwy
8737,OSW46,FROM OSWEGO,TO OSWEGO,1,43.097972,-76.197703,Old Liverpool Rd & Hiram Ave
8738,OSW46,FROM OSWEGO,TO OSWEGO,1,43.100076,-76.199208,Old Liverpool Rd & Town Garden Dr
17424,OSW46,FROM OSWEGO,TO OSWEGO,1,43.100918,-76.200319,Old Liverpool Rd & Pearl St
8740,OSW46,FROM OSWEGO,TO OSWEGO,1,43.101438,-76.202418,Oswego St & Onondaga Lake Pkwy
2022,OSW46,FROM OSWEGO,TO OSWEGO,1,43.103328,-76.205937,Oswego St & Vine St
8927,OSW46,FROM OSWEGO,TO OSWEGO,1,43.104224,-76.207566,Oswego Rd & Tulip St
8929,OSW46,FROM OSWEGO,TO OSWEGO,1,43.106553,-76.20906,Oswego Rd & 4th St
8930,OSW46,FROM OSWEGO,TO OSWEGO,1,43.107994,-76.209787,Oswego Rd & 5th St
8940,OSW46,FROM OSWEGO,TO OSWEGO,1,43.109606,-76.210602,Oswego Rd & 6th St
8941,OSW46,FROM OSWEGO,TO OSWEGO,1,43.110878,-76.211243,Oswego Rd & 7th St
8943,OSW46,FROM OSWEGO,TO OSWEGO,1,43.119465,-76.214895,Oswego Rd & Liverpool Bypass
17999,OSW46,FROM OSWEGO,TO OSWEGO,1,43.121399,-76.215697,7240 Oswego Rd
8944,OSW46,FROM OSWEGO,TO OSWEGO,1,43.123414,-76.216561,Oswego Rd & Old Cove Rd
8945,OSW46,FROM OSWEGO,TO OSWEGO,1,43.125518,-76.217499,7342 Oswego Rd
17827,OSW46,FROM OSWEGO,TO OSWEGO,1,43.128401,-76.218758,7376 Oswego Rd
10232,OSW46,FROM OSWEGO,TO OSWEGO,1,43.134786,-76.223883,Wegmans Rt 57
8953,OSW46,FROM OSWEGO,TO OSWEGO,1,43.136183,-76.224748,Oswego Rd & Elmcrest Rd
17828,OSW46,FROM OSWEGO,TO OSWEGO,1,43.13947,-76.227094,Bayberry Plaza
16211,OSW46,FROM OSWEGO,TO OSWEGO,1,43.141171,-76.227848,Oswego Rd & Bel Harbor Dr
8976,OSW46,FROM OSWEGO,TO OSWEGO,1,43.143087,-76.2287,Oswego Rd & Admiral Dr
8977,OSW46,FROM OSWEGO,TO OSWEGO,1,43.144278,-76.229305,Oswego Rd & Maryland Ln
8978,OSW46,FROM OSWEGO,TO OSWEGO,1,43.145595,-76.229836,Oswego Rd & Willowbrook Ct
8979,OSW46,FROM OSWEGO,TO OSWEGO,1,43.148299,-76.230144,Oswego Rd & Rosewood Pl
1954,OSW46,FROM OSWEGO,TO OSWEGO,1,43.149686,-76.229687,Oswego Rd & Wetzel Rd
8980,OSW46,FROM OSWEGO,TO OSWEGO,1,43.151782,-76.228994,Oswego Rd & Poplar Dr
8981,OSW46,FROM OSWEGO,TO OSWEGO,1,43.155972,-76.227225,Oswego Rd & Orion Path
8982,OSW46,FROM OSWEGO,TO OSWEGO,1,43.156876,-76.22746,Oswego Rd & Lucan Rd
17829,OSW46,FROM OSWEGO,TO OSWEGO,1,43.158381,-76.228609,7990 Oswego Rd
8984,OSW46,FROM OSWEGO,TO OSWEGO,1,43.158837,-76.22919,Oswego Rd & Pine Hollow Dr
8700,OSW46,FROM OSWEGO,TO OSWEGO,1,43.161721,-76.232947,Oswego Rd & Balboa Dr
8721,OSW46,FROM OSWEGO,TO OSWEGO,1,43.163772,-76.235542,Oswego Rd & Soule Rd
8702,OSW46,FROM OSWEGO,TO OSWEGO,1,43.165312,-76.237544,Oswego Rd & O'Keefe Lane
1947,OSW46,FROM OSWEGO,TO OSWEGO,1,43.167363,-76.239992,Oswego Rd & Calder Ct
17830,OSW46,FROM OSWEGO,TO OSWEGO,1,43.169574,-76.242748,8222 Oswego Rd
16214,OSW46,FROM OSWEGO,TO OSWEGO,1,43.175905,-76.251439,Oswego Rd & Canvasback Dr
18000,OSW46,FROM OSWEGO,TO OSWEGO,1,43.178394,-76.257324,8410 Oswego Rd
16215,OSW46,FROM OSWEGO,TO OSWEGO,1,43.180176,-76.261071,Oswego Rd & Route 31
1963,OSW46,FROM OSWEGO,TO OSWEGO,0,43.140526,-76.227638,Oswego Rd & RiverCrest Rd
17835,OSW46,FROM OSWEGO,TO OSWEGO,0,43.138601,-76.226637,7613 Oswego Rd
17836,OSW46,FROM OSWEGO,TO OSWEGO,0,43.13775,-76.226069,7595 Oswego Rd
9032,OSW46,FROM OSWEGO,TO OSWEGO,0,43.136228,-76.224896,Oswego Rd & Elmcrest Rd
7800,OSW46,FROM OSWEGO,TO OSWEGO,0,43.134079,-76.223587,Wegmans Rt 57
7798,OSW46,FROM OSWEGO,TO OSWEGO,0,43.130452,-76.219746,Oswego Rd & John Glenn Blvd
17837,OSW46,FROM OSWEGO,TO OSWEGO,0,43.128491,-76.218832,Glenn Crossings Plaza
17838,OSW46,FROM OSWEGO,TO OSWEGO,0,43.127273,-76.218351,7365 Oswego Rd
9038,OSW46,FROM OSWEGO,TO OSWEGO,0,43.123826,-76.216808,Oswego Rd & Old Cove Rd
17839,OSW46,FROM OSWEGO,TO OSWEGO,0,43.121292,-76.215698,7239 Oswego Rd
9039,OSW46,FROM OSWEGO,TO OSWEGO,0,43.119886,-76.215142,Oswego Rd & Liverpool Bypass
16209,OSW46,FROM OSWEGO,TO OSWEGO,0,43.112489,-76.212033,Oswego St & Meyers Rd
9040,OSW46,FROM OSWEGO,TO OSWEGO,0,43.111093,-76.211379,Oswego Rd & 7th St
9041,OSW46,FROM OSWEGO,TO OSWEGO,0,43.109812,-76.210738,Oswego Rd & 6th St
9042,OSW46,FROM OSWEGO,TO OSWEGO,0,43.108326,-76.209997,Oswego Rd & 5th St
9043,OSW46,FROM OSWEGO,TO OSWEGO,0,43.106839,-76.209257,Oswego Rd & 4th St
17840,OSW46,FROM OSWEGO,TO OSWEGO,0,43.104126,-76.207591,Oswego St & Tulip St
8814,OSW46,FROM OSWEGO,TO OSWEGO,0,43.103364,-76.206245,Oswego St & Vine St
8816,OSW46,FROM OSWEGO,TO OSWEGO,0,43.101214,-76.201554,Old Liverpool Rd & Railroad St
8818,OSW46,FROM OSWEGO,TO OSWEGO,0,43.100166,-76.199406,Old Liverpool Rd & Town Garden Dr
17841,OSW46,FROM OSWEGO,TO OSWEGO,0,43.098966,-76.198246,913 Old Liverpool Rd
8819,OSW46,FROM OSWEGO,TO OSWEGO,0,43.097819,-76.197678,Old Liverpool Rd & Hiram Ave
8820,OSW46,FROM OSWEGO,TO OSWEGO,0,43.09704,-76.197284,Old Liverpool Rd & Woerner Ave
17842,OSW46,FROM OSWEGO,TO OSWEGO,0,43.09619,-76.196889,715 Old Liverpool Rd
8735,OSW46,FROM OSWEGO,TO OSWEGO,0,43.09473,-76.196038,Old Liverpool Rd & Electronics Pkw
8822,OSW46,FROM OSWEGO,TO OSWEGO,0,43.093082,-76.194163,Old Liverpool Rd & Eynsford Dr
9918,OSW46,FROM OSWEGO,TO OSWEGO,0,43.092123,-76.19304,Lemoyne Manor on Old Liverpool Rd
8826,OSW46,FROM OSWEGO,TO OSWEGO,0,43.089158,-76.18935,Old Liverpool Rd & Lakeview Ter
10226,OSW46,FROM OSWEGO,TO OSWEGO,0,43.087358,-76.187228,Old Liverpool Rd & Lakeview Ter
8828,OSW46,FROM OSWEGO,TO OSWEGO,0,43.085853,-76.185229,Old Liverpool Rd & School Rd W
17843,OSW46,FROM OSWEGO,TO OSWEGO,0,43.08347,-76.182219,Old Liverpool Rd & Greenpoint Ave
47,OSW46,FROM OSWEGO,TO OSWEGO,0,43.076641,-76.169373,Regional Transportation Center
7755,OSW46,FROM OSWEGO,TO OSWEGO,0,43.071038,-76.172034,Destiny USA
7169,OSW46,FROM OSWEGO,TO OSWEGO,0,43.053462,-76.154874,N Franklin St & Herald Pl
7186,OSW46,FROM OSWEGO,TO OSWEGO,0,43.052531,-76.154925,N Franklin St & W Willow St
7194,OSW46,FROM OSWEGO,TO OSWEGO,0,43.051045,-76.155507,N Franklin St & Erie Blvd W
12669,OSW46,FROM OSWEGO,TO OSWEGO,0,43.049611,-76.153744,W Washington St & S Clinton St
100,OSW46,FROM OSWEGO,TO OSWEGO,0,43.049583,-76.152448,Washington St & S Salina St
6604,OSW46,FROM OSWEGO,TO OSWEGO,0,43.049564,-76.150906,E Washington St & S Warren St
6628,OSW46,FROM OSWEGO,TO OSWEGO,0,43.049499,-76.14745,E Washington St & S State St
6764,OSW46,FROM OSWEGO,TO OSWEGO,0,43.047136,-76.147503,S State St & E Jefferson St
6767,OSW46,FROM OSWEGO,TO OSWEGO,0,43.045623,-76.147629,S State St & Madison St
5425,OSW46,FROM OSWEGO,TO OSWEGO,0,43.044405,-76.147544,S State St & Harrison St
5418,OSW46,FROM OSWEGO,TO OSWEGO,0,43.044344,-76.148716,Harrison St & Montgomery St
17660,OSW46,FROM OSWEGO,TO OSWEGO,0,43.043477,-76.150963,C21
6055,OSW46,FROM OSWEGO,TO OSWEGO,0,43.042703,-76.145856,E Adams St & S Townsend St
10561,OSW46,FROM OSWEGO,TO OSWEGO,0,43.04272,-76.144116,E Adams St & S McBride St
10121,OSW46,FROM OSWEGO,TO OSWEGO,0,43.043039,-76.140451,Sarah Loguen Bus Shelter
5427,OSW46,FROM OSWEGO,TO OSWEGO,0,43.044314,-76.14499,Harrison St & S Townsend St
5426,OSW46,FROM OSWEGO,TO OSWEGO,0,43.04428,-76.147495,S State St & Harrison St
6766,OSW46,FROM OSWEGO,TO OSWEGO,0,43.045336,-76.147419,S State St & Madison St
15792,OSW46,FROM OSWEGO,TO OSWEGO,1,43.431555,-76.482106,Hwy 481 & E River Rd
15793,OSW46,FROM OSWEGO,TO OSWEGO,1,43.442541,-76.490558,E River Rd & Woodridge
3618,OSW46,FROM OSWEGO,TO OSWEGO,1,43.450356,-76.503086,E River Rd & Hubbard St
3622,OSW46,FROM OSWEGO,TO OSWEGO,1,43.452565,-76.504844,E 1st St & E Albany St
3612,OSW46,FROM OSWEGO,TO OSWEGO,1,43.453719,-76.505494,E 1st St & E Utica St
3605,OSW46,FROM OSWEGO,TO OSWEGO,1,43.454999,-76.506219,E 1st St & E Mohawk St
3579,OSW46,FROM OSWEGO,TO OSWEGO,1,43.45625,-76.512281,W Bridge St & W 2nd St
3561,OSW46,FROM OSWEGO,TO OSWEGO,1,43.45533,-76.515394,W Bridge St & W 5th St
3557,OSW46,FROM OSWEGO,TO OSWEGO,1,43.454707,-76.517514,W Bridge St & W 7th St
3550,OSW46,FROM OSWEGO,TO OSWEGO,1,43.454455,-76.518369,W Bridge St & W 8th St
3537,OSW46,FROM OSWEGO,TO OSWEGO,1,43.45407,-76.522539,W Bridge St & Liberty St
3518,OSW46,FROM OSWEGO,TO OSWEGO,1,43.454013,-76.524128,W Bridge St & John St
9512,SY80,FROM HUB,TO HUB,1,43.075684,-76.114994,East Wood Homes
7863,SY80,FROM HUB,TO HUB,1,43.071358,-76.113681,Brick School Ter
6485,SY80,FROM HUB,TO HUB,1,43.068791,-76.115279,Eastwood Rd & Grant Blvd
3675,SY80,FROM HUB,TO HUB,1,43.07345,-76.119529,Shop City
18135,SY80,FROM HUB,TO HUB,1,43.073595,-76.121454,Shop City Rite Aid
13242,SY80,FROM HUB,TO HUB,1,43.071751,-76.121643,Grant Ter & Grant Blvd
13243,SY80,FROM HUB,TO HUB,1,43.072012,-76.122568,Grant Blvd & Teall Ave
6703,SY80,FROM HUB,TO HUB,1,43.072928,-76.126307,Grant Blvd & Wheaton Rd
6698,SY80,FROM HUB,TO HUB,1,43.072867,-76.127418,Grant Blvd & Durston Ave
6694,SY80,FROM HUB,TO HUB,1,43.072805,-76.12864,Grant Blvd & Brattle Rd
6687,SY80,FROM HUB,TO HUB,1,43.072762,-76.1299,Grant Blvd & Wendell Ter
6684,SY80,FROM HUB,TO HUB,1,43.0727,-76.131085,Grant Blvd & Woodlawn Ter
6681,SY80,FROM HUB,TO HUB,1,43.072604,-76.133455,Grant Blvd & Pleasantview Ave
6671,SY80,FROM HUB,TO HUB,1,43.072515,-76.134863,Grant Blvd & Kenwick Dr
1099,SY80,FROM HUB,TO HUB,1,43.072427,-76.136048,Grant Blvd & Darlington Rd
6375,SY80,FROM HUB,TO HUB,1,43.072401,-76.137023,Grant Blvd & Mayar St
6371,SY80,FROM HUB,TO HUB,1,43.072357,-76.137961,Grant Blvd & Woodruff Ave
6367,SY80,FROM HUB,TO HUB,1,43.072322,-76.138924,Grant Blvd & Wadsworth St
6364,SY80,FROM HUB,TO HUB,1,43.072269,-76.139961,Grant Blvd & Worden Ave
6361,SY80,FROM HUB,TO HUB,1,43.072207,-76.141109,Grant Blvd & Greenland Dr
8400,SY80,FROM HUB,TO HUB,1,43.072208,-76.142751,Butternut St & Grant Blvd
6646,SY80,FROM HUB,TO HUB,1,43.07117,-76.143037,Butternut St & Warham St
6653,SY80,FROM HUB,TO HUB,1,43.070338,-76.143272,Butternut St & Williston Ave
10815,SY80,FROM HUB,TO HUB,1,43.06972,-76.143347,Butternut St & 3rd Ave
7016,SY80,FROM HUB,TO HUB,1,43.068314,-76.14335,Butternut St & Griffith St
1127,SY80,FROM HUB,TO HUB,1,43.06724,-76.143376,Butternut St & 1st North St
8401,SY80,FROM HUB,TO HUB,1,43.066506,-76.143377,Butternut St & Grassman Av
7008,SY80,FROM HUB,TO HUB,1,43.06519,-76.143367,Butternut St & Spring St
7027,SY80,FROM HUB,TO HUB,1,43.064035,-76.143368,Butternut St & S Carbon St
17634,SY80,FROM HUB,TO HUB,1,43.062977,-76.141556,Park St & Highland St
17636,SY80,FROM HUB,TO HUB,1,43.063074,-76.139544,Park St & Grumbach Ave
17637,SY80,FROM HUB,TO HUB,1,43.063118,-76.138519,Park St & Merz Ave
17638,SY80,FROM HUB,TO HUB,1,43.06318,-76.137334,Park St & Whitwell Dr
17639,SY80,FROM HUB,TO HUB,1,43.063223,-76.136272,Park St & Oak St
10724,SY80,FROM HUB,TO HUB,1,43.062435,-76.136039,Oak St & Jasper St
10726,SY80,FROM HUB,TO HUB,1,43.06086,-76.135918,Oak St & Highland Ave
447,SY80,FROM HUB,TO HUB,1,43.05931,-76.134477,James St & Oak St
6678,SY80,FROM HUB,TO HUB,1,43.058559,-76.135959,James St & Bryant and Stratton College
443,SY80,FROM HUB,TO HUB,1,43.05729,-76.138553,James St & Highland St
438,SY80,FROM HUB,TO HUB,1,43.05628,-76.140591,James St & Lodi St
10928,SY80,FROM HUB,TO HUB,1,43.055082,-76.143012,James St & Catherine St
431,SY80,FROM HUB,TO HUB,1,43.054376,-76.144469,James St & N McBride St
425,SY80,FROM HUB,TO HUB,1,43.05367,-76.145902,James St & N Townsend St
426,SY80,FROM HUB,TO HUB,1,43.052508,-76.14826,James St & N State St
180,SY80,FROM HUB,TO HUB,1,43.052394,-76.151975,E Willow St & N Salina St
174,SY80,FROM HUB,TO HUB,1,43.051401,-76.152211,N Salina St & W Genesee St
99,SY80,FROM HUB,TO HUB,1,43.049709,-76.152238,S Salina St & Washington St
17650,SY80,FROM HUB,TO HUB,0,43.043549,-76.151469,B11
102,SY80,FROM HUB,TO HUB,0,43.047059,-76.152205,S Salina St & Jefferson St
17670,SY80,FROM HUB,TO HUB,0,43.049816,-76.152176,S Salina St & Water St (mid-block)
423,SY80,FROM HUB,TO HUB,0,43.051265,-76.150854,James St & N Warren St
420,SY80,FROM HUB,TO HUB,0,43.05249,-76.148199,James St & N State St
421,SY80,FROM HUB,TO HUB,0,43.0535,-76.146112,James St & N Townsend St
442,SY80,FROM HUB,TO HUB,0,43.054215,-76.144654,James St & N McBride St
432,SY80,FROM HUB,TO HUB,0,43.055055,-76.142962,James St & Catherine St
14776,SY80,FROM HUB,TO HUB,0,43.056253,-76.140517,James St & Lodi St
446,SY80,FROM HUB,TO HUB,0,43.057272,-76.138454,James St & Highland St
5088,SY80,FROM HUB,TO HUB,0,43.058157,-76.136626,960 James St
14916,SY80,FROM HUB,TO HUB,0,43.059408,-76.134699,Oak St & James St
10800,SY80,FROM HUB,TO HUB,0,43.060734,-76.135832,Oak St & Highland Ave
14900,SY80,FROM HUB,TO HUB,0,43.062292,-76.135978,Oak St & Jasper St
10802,SY80,FROM HUB,TO HUB,0,43.063205,-76.13605,Oak St & Park St
14901,SY80,FROM HUB,TO HUB,0,43.063251,-76.137149,Park St & Whitwell Dr
14902,SY80,FROM HUB,TO HUB,0,43.063207,-76.138395,Park St & Merz Ave
14904,SY80,FROM HUB,TO HUB,0,43.063102,-76.140346,Park St & Hier Ave
14905,SY80,FROM HUB,TO HUB,0,43.06304,-76.141358,Park St & Highland St
14906,SY80,FROM HUB,TO HUB,0,43.062943,-76.143876,Park St & Butternut St
7032,SY80,FROM HUB,TO HUB,0,43.064017,-76.143307,Butternut St & Carbon St
13230,SY80,FROM HUB,TO HUB,0,43.066309,-76.143316,Butternut St & Knaul St
1125,SY80,FROM HUB,TO HUB,0,43.067186,-76.143314,Butternut St & 1st North St
6662,SY80,FROM HUB,TO HUB,0,43.068646,-76.143287,Butternut St & Hartley St
6659,SY80,FROM HUB,TO HUB,0,43.069738,-76.143273,Butternut St & 3rd Ave
6655,SY80,FROM HUB,TO HUB,0,43.070848,-76.143087,Butternut St & Saile St
7862,SY80,FROM HUB,TO HUB,0,43.071922,-76.142776,Butternut St & Grant Blvd
8397,SY80,FROM HUB,TO HUB,0,43.072145,-76.141714,Grant Blvd & Highland St
11470,SY80,FROM HUB,TO HUB,0,43.072206,-76.140196,Grant Blvd & Worden Ave
6368,SY80,FROM HUB,TO HUB,0,43.072277,-76.139146,Grant Blvd & Wadsworth St
6372,SY80,FROM HUB,TO HUB,0,43.072312,-76.137974,Grant Blvd & Woodruff Ave
1237,SY80,FROM HUB,TO HUB,0,43.072347,-76.136789,Grant Blvd & Oak St
6679,SY80,FROM HUB,TO HUB,0,43.072488,-76.134579,Grant Blvd & Dewitt St
10708,SY80,FROM HUB,TO HUB,0,43.072532,-76.133714,Grant Blvd & Pleasantview Ave
6685,SY80,FROM HUB,TO HUB,0,43.072629,-76.131344,Grant Blvd & Woodlawn Ter
6691,SY80,FROM HUB,TO HUB,0,43.07269,-76.130147,Grant Blvd & Wendell Ter
6696,SY80,FROM HUB,TO HUB,0,43.072743,-76.128912,Grant Blvd & Brattle Rd
6700,SY80,FROM HUB,TO HUB,0,43.072813,-76.12764,Grant Blvd & Durston Ave
6706,SY80,FROM HUB,TO HUB,0,43.072884,-76.126517,Grant Blvd & Wheaton Rd
13234,SY80,FROM HUB,TO HUB,0,43.071697,-76.121581,Grant Ter & Grant Blvd
3675,SY80,FROM HUB,TO HUB,0,43.07345,-76.119529,Shop City
7150,SY80,FROM HUB,TO HUB,0,43.077021,-76.118164,Swansea Ave & Craigie St
13237,SY80,FROM HUB,TO HUB,0,43.077154,-76.116843,Craigie St & Gaynor Ave
13236,SY80,FROM HUB,TO HUB,0,43.077189,-76.11609,Craige St & Noble Ave
2603,SY80,FROM HUB,TO HUB,0,43.077242,-76.115287,Craigie St & Taft Ave
8149,SY76,FROM HUB,TO HUB,1,43.053074,-76.066426,Widewaters Pkwy & Bridge St
2691,SY76,FROM HUB,TO HUB,1,43.05192,-76.060949,Widewaters Pkwy & Towpath Rd
8154,SY76,FROM HUB,TO HUB,1,43.049233,-76.059858,Widewaters Pkwy & 5793 Widewaters
8155,SY76,FROM HUB,TO HUB,1,43.048277,-76.060885,Widewaters Pkwy & 5792 Widewaters
8156,SY76,FROM HUB,TO HUB,1,43.047993,-76.062613,Widewaters Pkwy & Elevate Fitness
8157,SY76,FROM HUB,TO HUB,1,43.045908,-76.063532,5784 Widewaters Pkwy
12010,SY76,FROM HUB,TO HUB,1,43.04342,-76.064119,Widewaters Pkwy & Kinne Rd
8444,SY76,FROM HUB,TO HUB,1,43.042814,-76.065922,Kinne Rd & Erie Blvd E
1760,SY76,FROM HUB,TO HUB,1,43.042656,-76.068538,Kinne Rd & Thompson Rd
5739,SY76,FROM HUB,TO HUB,1,43.044164,-76.070965,Thompson Rd & Gregory Pkwy
5734,SY76,FROM HUB,TO HUB,1,43.044766,-76.072617,Thompson Rd & Stanton Rd
1740,SY76,FROM HUB,TO HUB,1,43.046532,-76.075118,Thompson Rd & Radcliffe Rd
8419,SY76,FROM HUB,TO HUB,1,43.04759,-76.076189,Thompson Rd & Orrick Rd
22,SY76,FROM HUB,TO HUB,1,43.05166,-76.080436,Thompson Rd & Springfield Rd
8422,SY76,FROM HUB,TO HUB,1,43.051681,-76.082633,Springfield Rd & Masters Rd
8423,SY76,FROM HUB,TO HUB,1,43.051506,-76.086126,Springfield Rd & Caton Dr
8424,SY76,FROM HUB,TO HUB,1,43.051392,-76.088323,Springfield Rd & Caton Dr
8425,SY76,FROM HUB,TO HUB,1,43.05127,-76.090408,Springfield Rd & Smith St
14399,SY76,FROM HUB,TO HUB,1,43.049499,-76.092313,Springfield Rd & Fayette Blvd
8426,SY76,FROM HUB,TO HUB,1,43.049537,-76.09351,Fayette Blvd & Foxboro Rd
8427,SY76,FROM HUB,TO HUB,1,43.049449,-76.094855,Fayette Blvd & Audubon Pky
8428,SY76,FROM HUB,TO HUB,1,43.049352,-76.096225,Fayette Blvd & Melbourne Av
8429,SY76,FROM HUB,TO HUB,1,43.04929,-76.097509,Fayette Blvd & Salisbury Park Dr
8430,SY76,FROM HUB,TO HUB,1,43.049159,-76.100101,Fayette Blvd & Ball Av
8431,SY76,FROM HUB,TO HUB,1,43.048984,-76.103556,Fayette Blvd & Seeley Rd
8432,SY76,FROM HUB,TO HUB,1,43.04782,-76.103657,Seeley Rd & Niven St
11309,SY76,FROM HUB,TO HUB,1,43.046424,-76.103537,Seeley Rd & Salt Springs Rd
7619,SY76,FROM HUB,TO HUB,1,43.045934,-76.105747,Salt Springs Rd & East Ave
5551,SY76,FROM HUB,TO HUB,1,43.045605,-76.107845,Salt Springs Rd & Beattie St
5540,SY76,FROM HUB,TO HUB,1,43.0454,-76.109006,Salt Springs Rd & Genesee Park Dr
5530,SY76,FROM HUB,TO HUB,1,43.045044,-76.111227,Salt Springs Rd & Bruce St
2172,SY76,FROM HUB,TO HUB,1,43.045091,-76.113325,E Genesee St & Ellis St
1718,SY76,FROM HUB,TO HUB,1,43.045262,-76.114398,E Genesee St & Westmoreland Ave
9150,SY76,FROM HUB,TO HUB,1,43.045442,-76.115644,E Genesee St & Fellows Ave
2228,SY76,FROM HUB,TO HUB,1,43.04556,-76.116767,E Genesee St & Allen St
2215,SY76,FROM HUB,TO HUB,1,43.045597,-76.118038,E Genesee St & Cambridge St
2214,SY76,FROM HUB,TO HUB,1,43.04559,-76.119605,E Genesee St & Westcott St
2199,SY76,FROM HUB,TO HUB,1,43.046559,-76.122552,E Genesee St & Bassett St
2192,SY76,FROM HUB,TO HUB,1,43.046865,-76.123379,E Genesee St & Cherry St
2186,SY76,FROM HUB,TO HUB,1,43.047072,-76.125451,E Genesee St & Maple St
2182,SY76,FROM HUB,TO HUB,1,43.047038,-76.127549,E Genesee St & S Beech St
2175,SY76,FROM HUB,TO HUB,1,43.046987,-76.129684,E Genesee St & Pine St
2166,SY76,FROM HUB,TO HUB,1,43.046953,-76.132288,E Genesee St & Walnut Ave
2160,SY76,FROM HUB,TO HUB,1,43.04691,-76.134176,E Genesee St & University Ave
2155,SY76,FROM HUB,TO HUB,1,43.046894,-76.13641,E Genesee St & S Crouse Ave
18021,SY76,FROM HUB,TO HUB,1,43.04739,-76.140111,E Genesee St & Forman Ave
2137,SY76,FROM HUB,TO HUB,1,43.048056,-76.145453,E Genesee St & S Townsend St
6629,SY76,FROM HUB,TO HUB,1,43.04958,-76.147203,E Washington St & S State St
17676,SY76,FROM HUB,TO HUB,1,43.049554,-76.148697,E Washington St & Market St
17677,SY76,FROM HUB,TO HUB,1,43.0496,-76.151054,E Washington St & S Warren St
7987,SY76,FROM HUB,TO HUB,1,43.046871,-76.152279,S Salina St & W Jefferson St
17652,SY76,FROM HUB,TO HUB,0,43.043746,-76.151481,B13
102,SY76,FROM HUB,TO HUB,0,43.047059,-76.152205,S Salina St & Jefferson St
6604,SY76,FROM HUB,TO HUB,0,43.049564,-76.150906,E Washington St & S Warren St
6628,SY76,FROM HUB,TO HUB,0,43.049499,-76.14745,E Washington St & S State St
6635,SY76,FROM HUB,TO HUB,0,43.049507,-76.145797,E Washington St & S Townsend St
14398,SY76,FROM HUB,TO HUB,0,43.048021,-76.145614,E Genesee St & S Townsend St
2141,SY76,FROM HUB,TO HUB,0,43.047383,-76.142838,E Genesee St & Almond St
2145,SY76,FROM HUB,TO HUB,0,43.046933,-76.140297,E Genesee St & Forman Ave
2149,SY76,FROM HUB,TO HUB,0,43.046967,-76.137903,E Genesee St & Irving Ave
2153,SY76,FROM HUB,TO HUB,0,43.046859,-76.136681,E Genesee St & S Crouse Ave
2157,SY76,FROM HUB,TO HUB,0,43.046857,-76.134423,E Genesee St & University Ave
2163,SY76,FROM HUB,TO HUB,0,43.046899,-76.132239,E Genesee St & Walnut Ave
2169,SY76,FROM HUB,TO HUB,0,43.046925,-76.130918,E Genesee St & Comstock Ave
7989,SY76,FROM HUB,TO HUB,0,43.046933,-76.129919,E Genesee St & Pine St
11185,SY76,FROM HUB,TO HUB,0,43.047003,-76.127784,E Genesee St & Beech St
2184,SY76,FROM HUB,TO HUB,0,43.047019,-76.125686,E Genesee St & Maple St
2201,SY76,FROM HUB,TO HUB,0,43.046533,-76.122639,E Genesee St & Bassett St
2205,SY76,FROM HUB,TO HUB,0,43.04603,-76.121356,E Genesee St & Columbus Ave
1635,SY76,FROM HUB,TO HUB,0,43.045536,-76.119778,E Genesee St & Westcott St
2226,SY76,FROM HUB,TO HUB,0,43.045524,-76.117038,E Genesee St & Allen St
10784,SY76,FROM HUB,TO HUB,0,43.045425,-76.115854,E Genesee St & Fellows Ave
2165,SY76,FROM HUB,TO HUB,0,43.045254,-76.114682,E Genesee St & Westmoreland Ave
9109,SY76,FROM HUB,TO HUB,0,43.045082,-76.113572,E Genesee St & Cumberland Ave
5529,SY76,FROM HUB,TO HUB,0,43.044964,-76.111425,Salt Springs Rd & Bruce St
5538,SY76,FROM HUB,TO HUB,0,43.045328,-76.109228,Salt Springs Rd & Genesee Park Dr
5557,SY76,FROM HUB,TO HUB,0,43.04564,-76.107327,Salt Springs Rd & Ferris Ave
7618,SY76,FROM HUB,TO HUB,0,43.045853,-76.105957,Salt Springs Rd & East Ave
5559,SY76,FROM HUB,TO HUB,0,43.046013,-76.104907,Salt Springs Rd & Candee Ave
8415,SY76,FROM HUB,TO HUB,0,43.046253,-76.103562,Salt Springs Rd & Seeley Rd
5593,SY76,FROM HUB,TO HUB,0,43.046565,-76.101587,Salt Springs Rd & Gorland Ave
8416,SY76,FROM HUB,TO HUB,0,43.046787,-76.10013,Salt Springs Rd & Ball Av
8417,SY76,FROM HUB,TO HUB,0,43.047187,-76.097575,Salt Springs Rd & Salisbury Pk Dr
5643,SY76,FROM HUB,TO HUB,0,43.0474,-76.096266,Salt Springs Rd & Melbourne Ave
5651,SY76,FROM HUB,TO HUB,0,43.047675,-76.094279,Salt Springs Rd & Springfield  Rd
4086,SY76,FROM HUB,TO HUB,0,43.049338,-76.092387,Springfield Rd & Fayette Blvd
8439,SY76,FROM HUB,TO HUB,0,43.051171,-76.090606,Springfield Rd & Mountainview Av
8440,SY76,FROM HUB,TO HUB,0,43.05133,-76.088557,Springfield Rd & Caton Dr
8441,SY76,FROM HUB,TO HUB,0,43.051435,-76.08636,Springfield Rd & Caton Dr
8442,SY76,FROM HUB,TO HUB,0,43.051618,-76.082843,Springfield Rd & Masters Rd
14401,SY76,FROM HUB,TO HUB,0,43.051723,-76.080732,Springfield Rd & Thompson Rd
1744,SY76,FROM HUB,TO HUB,0,43.046559,-76.075155,Thompson Rd & Radcliffe Rd
5731,SY76,FROM HUB,TO HUB,0,43.045654,-76.073997,Thompson Rd & Ridgecrest Rd
5732,SY76,FROM HUB,TO HUB,0,43.04482,-76.072827,Thompson Rd & Stanton Rd
5741,SY76,FROM HUB,TO HUB,0,43.044209,-76.071249,Thompson Rd & Sycamore Ter
1755,SY76,FROM HUB,TO HUB,0,43.042683,-76.068785,Thompson Rd & Kinne Rd
18235,SY76,FROM HUB,TO HUB,0,43.044715,-76.068508,Erie Blvd E & Erie Canal Plaza
17872,SY76,FROM HUB,TO HUB,0,43.051468,-76.070169,Bridge St & Celi Dr
18279,SY76,FROM HUB,TO HUB,0,43.0528,-76.068672,Bridge St & Widewaters Pkwy
18023,SY74,FROM HUB,TO HUB,1,43.057592,-76.269624,Township 5
18026,SY74,FROM HUB,TO HUB,1,43.05232,-76.262847,Aldi Milton Ave
17877,SY74,FROM HUB,TO HUB,1,43.052338,-76.261526,Milton Ave & 3711 Milton Ave
8651,SY74,FROM HUB,TO HUB,1,43.052294,-76.259379,Milton Ave & Queens Way
14481,SY74,FROM HUB,TO HUB,1,43.052267,-76.257232,Milton Ave & Oak Crest Courtyard
8653,SY74,FROM HUB,TO HUB,1,43.052232,-76.255664,Milton Ave & Gordon Pkwy
12685,SY74,FROM HUB,TO HUB,1,43.052169,-76.252172,Milton Ave & Gordon Pky
4778,SY74,FROM HUB,TO HUB,1,43.052151,-76.25095,Milton Ave & Male Ave
4775,SY74,FROM HUB,TO HUB,1,43.052142,-76.249482,Milton Ave & Dora Ave
12684,SY74,FROM HUB,TO HUB,1,43.052124,-76.248013,Milton Ave & Makay Ave
4769,SY74,FROM HUB,TO HUB,1,43.052098,-76.246927,Milton Ave & Germania Ave
4763,SY74,FROM HUB,TO HUB,1,43.052089,-76.245927,Milton Ave & Scott Ave
4743,SY74,FROM HUB,TO HUB,1,43.052071,-76.244891,Milton Ave & Gillespie Ave
4740,SY74,FROM HUB,TO HUB,1,43.052071,-76.243916,Milton Ave & Melrose Ave
4734,SY74,FROM HUB,TO HUB,1,43.05173,-76.239362,Milton Ave & Cotton St
4731,SY74,FROM HUB,TO HUB,1,43.052992,-76.236955,Milton Ave & Jones St
14480,SY74,FROM HUB,TO HUB,1,43.054639,-76.234512,Milton Ave & Box Car Ln
8568,SY74,FROM HUB,TO HUB,1,43.056627,-76.231636,Milton Ave & Brooks St
1149,SY74,FROM HUB,TO HUB,1,43.058014,-76.229698,Milton Ave & Bailey St
4722,SY74,FROM HUB,TO HUB,1,43.059151,-76.228056,Case St & Milton Ave
4718,SY74,FROM HUB,TO HUB,1,43.06044,-76.226204,Milton Ave & Darrow Ave
4715,SY74,FROM HUB,TO HUB,1,43.061191,-76.224463,Milton Ave & Lionel Ave
4712,SY74,FROM HUB,TO HUB,1,43.061406,-76.223575,Milton Ave & Abell Ave
4709,SY74,FROM HUB,TO HUB,1,43.061567,-76.222637,Milton Ave & Franklin Ave
4705,SY74,FROM HUB,TO HUB,1,43.061665,-76.221748,Milton Ave & Boyd Ave
4702,SY74,FROM HUB,TO HUB,1,43.061755,-76.220921,Milton Ave & Center St
1157,SY74,FROM HUB,TO HUB,1,43.061969,-76.218884,Milton Ave & Cogswell Ave
4602,SY74,FROM HUB,TO HUB,1,43.061208,-76.218724,Cogswell Ave & 1st St
4606,SY74,FROM HUB,TO HUB,1,43.060537,-76.218675,Cogswell Ave & 2nd St
8527,SY74,FROM HUB,TO HUB,1,43.060017,-76.215664,3rd St & Gertrude Ave
8528,SY74,FROM HUB,TO HUB,1,43.060133,-76.214257,3rd St & Stanton Ave
1104,SY74,FROM HUB,TO HUB,1,43.060267,-76.212973,3rd St & Woods Rd
8529,SY74,FROM HUB,TO HUB,1,43.059667,-76.212751,Woods Rd & 4th St
8531,SY74,FROM HUB,TO HUB,1,43.058162,-76.210802,Woods Rd & Barclay St
8532,SY74,FROM HUB,TO HUB,1,43.058072,-76.207679,Woods Rd & N Orchard Rd
8534,SY74,FROM HUB,TO HUB,1,43.058161,-76.205581,Woods Rd & Summit Ave
8535,SY74,FROM HUB,TO HUB,1,43.057767,-76.204532,Woods Rd & Lamont Ave
8536,SY74,FROM HUB,TO HUB,1,43.056674,-76.202805,Woods Rd & Freeman Ave
8537,SY74,FROM HUB,TO HUB,1,43.055993,-76.200448,Woods Rd & Charles Ave
1205,SY74,FROM HUB,TO HUB,1,43.05669,-76.197918,Chemung St & Avery Ave
8538,SY74,FROM HUB,TO HUB,1,43.055356,-76.196857,Avery Ave & Essex St
8539,SY74,FROM HUB,TO HUB,1,43.053645,-76.195637,Avery Ave & Driscoll Ave
8540,SY74,FROM HUB,TO HUB,1,43.05249,-76.194836,Avery Ave & Herkimer St
8541,SY74,FROM HUB,TO HUB,1,43.051487,-76.194121,Avery Ave & Erie St
666,SY74,FROM HUB,TO HUB,1,43.050502,-76.19343,Avery Ave & W Genesee St
8542,SY74,FROM HUB,TO HUB,1,43.049553,-76.192752,Avery Ave & Cayuga St
8543,SY74,FROM HUB,TO HUB,1,43.048603,-76.192074,Avery Ave & Hamilton St
8544,SY74,FROM HUB,TO HUB,1,43.047592,-76.191372,Avery Ave & Schuyler St
8545,SY74,FROM HUB,TO HUB,1,43.046383,-76.190521,Avery Ave & Ulster St
1211,SY74,FROM HUB,TO HUB,1,43.045165,-76.189671,Avery Ave & Tompkins St
11251,SY74,FROM HUB,TO HUB,1,43.045773,-76.187647,Tompkins St & Willis Ave
11252,SY74,FROM HUB,TO HUB,1,43.046497,-76.185709,Tompkins St & Milton Ave
11253,SY74,FROM HUB,TO HUB,1,43.047355,-76.183425,Tompkins St & Emerson Ave
8494,SY74,FROM HUB,TO HUB,1,43.047892,-76.182005,Tompkins St & S Lowell Ave
4239,SY74,FROM HUB,TO HUB,1,43.048078,-76.179574,S Wilbur Ave & Tennyson Ave
1356,SY74,FROM HUB,TO HUB,1,43.047451,-76.178958,S Wilbur Ave & Bryant Ave
10994,SY74,FROM HUB,TO HUB,1,43.046815,-76.178317,S Wilbur Ave & Whittier Ave
4242,SY74,FROM HUB,TO HUB,1,43.046,-76.17754,S Wilbur Ave & Coleridge Ave
8550,SY74,FROM HUB,TO HUB,1,43.045149,-76.176714,S Wilbur Ave & Conservation Pl
4314,SY74,FROM HUB,TO HUB,1,43.044057,-76.175666,S Wilbur Ave & W Marcellus St
12673,SY74,FROM HUB,TO HUB,1,43.041915,-76.171819,Seymour St & S Geddes St
18025,SY74,FROM HUB,TO HUB,1,43.043005,-76.167721,Gifford St & Ontario St
5336,SY74,FROM HUB,TO HUB,1,43.043146,-76.164587,Gifford St & Oswego St
8464,SY74,FROM HUB,TO HUB,1,43.043278,-76.161798,Gifford St & Saint Lucy's Church
5353,SY74,FROM HUB,TO HUB,1,43.043287,-76.160601,Gifford St & Niagara St
5359,SY74,FROM HUB,TO HUB,1,43.043437,-76.158268,Gifford St & West St
17654,SY74,FROM HUB,TO HUB,0,43.043567,-76.151259,B15
17675,SY74,FROM HUB,TO HUB,0,43.042719,-76.15574,Seymour St & Granger St
5361,SY74,FROM HUB,TO HUB,0,43.043447,-76.15907,Gifford St & Wyoming St
5357,SY74,FROM HUB,TO HUB,0,43.043421,-76.160304,Gifford St & Niagara St
8457,SY74,FROM HUB,TO HUB,0,43.043305,-76.161761,Gifford St & Saint Lucy's Church
5327,SY74,FROM HUB,TO HUB,0,43.043226,-76.163957,Gifford St & Oswego St
11223,SY74,FROM HUB,TO HUB,0,43.043094,-76.167523,Gifford St & Ontario St
4170,SY74,FROM HUB,TO HUB,0,43.042926,-76.171164,Gifford St & S Geddes St
8501,SY74,FROM HUB,TO HUB,0,43.042067,-76.171633,S Geddes St & Seymour St
1390,SY74,FROM HUB,TO HUB,0,43.041862,-76.173793,Seymour St & S Wilbur Ave
4345,SY74,FROM HUB,TO HUB,0,43.043949,-76.175457,S Wilbur Ave & W Marcellus St
11542,SY74,FROM HUB,TO HUB,0,43.045006,-76.17648,S Wilbur Ave & Conservation Pl
11543,SY74,FROM HUB,TO HUB,0,43.045893,-76.177343,S Wilbur Ave & Coleridge Ave
14478,SY74,FROM HUB,TO HUB,0,43.047953,-76.179364,S Wilbur Ave & Tennyson Ave
8486,SY74,FROM HUB,TO HUB,0,43.048062,-76.181672,Tompkins St & N Lowell Ave
4383,SY74,FROM HUB,TO HUB,0,43.04748,-76.183252,Tompkins St & Emerson Ave
8474,SY74,FROM HUB,TO HUB,0,43.046649,-76.185425,Tompkins St & Milton Av
14470,SY74,FROM HUB,TO HUB,0,43.045916,-76.187412,Tompkins St & Willis Ave
1222,SY74,FROM HUB,TO HUB,0,43.045156,-76.189424,Tompkins St & Avery Ave
8505,SY74,FROM HUB,TO HUB,0,43.04623,-76.190336,Avery Ave & Ulster St
8506,SY74,FROM HUB,TO HUB,0,43.047439,-76.191199,Avery Ave & Schuyler Ave
8507,SY74,FROM HUB,TO HUB,0,43.048415,-76.191865,Avery Ave & Hamilton St
8508,SY74,FROM HUB,TO HUB,0,43.049382,-76.192543,Avery Ave & Cayuga St
668,SY74,FROM HUB,TO HUB,0,43.050269,-76.193221,Avery Ave & W Genesee St
8509,SY74,FROM HUB,TO HUB,0,43.051308,-76.193923,Avery Ave & Erie St
8510,SY74,FROM HUB,TO HUB,0,43.052329,-76.194638,Avery Ave & Herkimer St
8511,SY74,FROM HUB,TO HUB,0,43.053502,-76.195464,Avery Ave & Driscoll Ave
8512,SY74,FROM HUB,TO HUB,0,43.055212,-76.196685,Avery Ave & Essex St
1208,SY74,FROM HUB,TO HUB,0,43.05669,-76.197708,Avery Ave & Chemung St
8513,SY74,FROM HUB,TO HUB,0,43.056055,-76.200164,Chemung St & Charles Ave
8514,SY74,FROM HUB,TO HUB,0,43.055993,-76.201349,Woods Rd & Caroline Ave
14472,SY74,FROM HUB,TO HUB,0,43.056575,-76.202546,Woods Rd & Freeman Ave
8515,SY74,FROM HUB,TO HUB,0,43.057587,-76.204039,Woods Rd & Lamont Ave
8516,SY74,FROM HUB,TO HUB,0,43.058089,-76.2051,Woods Rd & Summit Ave
8517,SY74,FROM HUB,TO HUB,0,43.058188,-76.206062,Woods Rd & Boulder Rd
8518,SY74,FROM HUB,TO HUB,0,43.058126,-76.207457,Woods Rd & N Orchard Rd
8519,SY74,FROM HUB,TO HUB,0,43.057992,-76.210296,Woods Rd & Barclay St
1180,SY74,FROM HUB,TO HUB,0,43.060222,-76.2128,Woods Rd & 3rd St
8521,SY74,FROM HUB,TO HUB,0,43.060195,-76.214034,3rd St & Stanton Ave
8522,SY74,FROM HUB,TO HUB,0,43.06007,-76.215417,3rd St & Gertrude Ave
8524,SY74,FROM HUB,TO HUB,0,43.059892,-76.217404,3rd St & King Ave
14468,SY74,FROM HUB,TO HUB,0,43.059776,-76.218441,3rd St & Cogswell Ave
4607,SY74,FROM HUB,TO HUB,0,43.060349,-76.218589,Cogswell Ave & 2nd St
12671,SY74,FROM HUB,TO HUB,0,43.061889,-76.218699,Cogswell Ave & Milton Ave
8525,SY74,FROM HUB,TO HUB,0,43.061978,-76.21923,Milton Ave & China Towne
4704,SY74,FROM HUB,TO HUB,0,43.061728,-76.221526,Milton Ave & Boyd Ave
4711,SY74,FROM HUB,TO HUB,0,43.061478,-76.223439,Milton Ave & Abell Ave
4714,SY74,FROM HUB,TO HUB,0,43.061281,-76.22434,Milton Ave & Lionel Ave
4717,SY74,FROM HUB,TO HUB,0,43.060538,-76.226142,Milton Ave & Darrow Ave
4720,SY74,FROM HUB,TO HUB,0,43.059267,-76.228056,Milton Ave & Case St
10216,SY74,FROM HUB,TO HUB,0,43.057835,-76.229994,Milton Ave & Bailey St
4723,SY74,FROM HUB,TO HUB,0,43.056645,-76.231697,Milton Ave & Brook St
8565,SY74,FROM HUB,TO HUB,0,43.05609,-76.232487,Milton Ave & Horan Rd
14476,SY74,FROM HUB,TO HUB,0,43.054693,-76.234512,Milton AVe & Box Car Ln
4730,SY74,FROM HUB,TO HUB,0,43.053154,-76.236807,Milton Ave & Jones St
4733,SY74,FROM HUB,TO HUB,0,43.051873,-76.239177,Milton Ave & Cotton St
4736,SY74,FROM HUB,TO HUB,0,43.051408,-76.240164,Milton Ave & Sawyer St
4739,SY74,FROM HUB,TO HUB,0,43.052115,-76.243669,Milton Ave & Melrose Ave
4742,SY74,FROM HUB,TO HUB,0,43.052124,-76.244656,Milton Ave & Gillespie Ave
4761,SY74,FROM HUB,TO HUB,0,43.052142,-76.245656,Milton Ave & Scott Ave
4765,SY74,FROM HUB,TO HUB,0,43.052151,-76.246643,Milton Ave & Germania Ave
14475,SY74,FROM HUB,TO HUB,0,43.052169,-76.247729,Milton Ave & Mackay Ave
4772,SY74,FROM HUB,TO HUB,0,43.052196,-76.249198,Milton Ave & Dora Ave
4777,SY74,FROM HUB,TO HUB,0,43.052205,-76.250679,Milton Ave & Male Ave
8636,SY74,FROM HUB,TO HUB,0,43.052214,-76.251863,Milton Ave & Gordon Pkwy
14474,SY74,FROM HUB,TO HUB,0,43.052276,-76.255418,Milton Ave & Gordon Pkwy
8655,SY74,FROM HUB,TO HUB,0,43.052303,-76.25696,Milton Ave & Oak Crest Courtyard
8656,SY74,FROM HUB,TO HUB,0,43.052339,-76.259021,Milton Ave & Queens Way
17878,SY74,FROM HUB,TO HUB,0,43.052392,-76.2626,Milton Ave & Home Depot Entrance
8638,SY74,FROM HUB,TO HUB,0,43.052436,-76.265377,Milton Ave & Hinsdale Rd
